"","sol_category","rate","totaldays"
"1","night",11.2734665460733,708
"2","dusk/dawn",10.2855814313946,459
"3","day",14.1292282621447,1012
