"","sol_category","rate","totaldays"
"1","night",11.2991668241315,753
"2","dusk/dawn",10.397019996683,480
"3","day",13.8883419305157,1066
