"","sol_category","rate","totaldays"
"1","night",12.5103504083979,708
"2","dusk/dawn",12.5374621503579,459
"3","day",15.2470176494778,1012
