year,mei,perc,ratio
2015,0.4,44.66667,1.538173
2016,1.64,63.40058,1.5764894
2017,-0.35,48.07692,0.8024439
2018,-0.77,49.85994,1.1297687
2019,0.33,47.32394,1.641022
2020,0.14,42.57703,1.0318172
2021,-1.07,40.84507,1.3126704
2022,-1.4,33.98058,1.9936096